Title,Description,Link,Media URL,Pinterest board,Publish date
Free 14 Addition Math Worksheet For Grade 5 | Printable Practice,Help kids master Addition with this printable worksheet for Grade 5. Great for daily math practice.,https://mathworksheetkidscoloringdaily.github.io/html/free-14-addition-math-worksheet-for-grade-5-5296.html,https://mathworksheetkidscoloringdaily.github.io/images/free-14-addition-math-worksheet-for-grade-5-5296.jpg,Printable Worksheets,03/17/2026 08:27:00 AM
5 Free Count and Color Worksheets for Grade 1,Teachers and parents love this Count and Color worksheet for Grade 1. Download and print instantly.,https://mathworksheetkidscoloringdaily.github.io/html/5-free-count-and-color-worksheets-for-grade-1-9187.html,https://mathworksheetkidscoloringdaily.github.io/images/5-free-count-and-color-worksheets-for-grade-1-9187.jpg,Printable Worksheets,03/17/2026 11:00:00 AM
Learn Counting With Pictures Worksheet (Pre-K) - Part 3 | Printable Practice,Free printable Counting Objects worksheet for Pre-K. Perfect for homeschool practice and classroom activities.,https://mathworksheetkidscoloringdaily.github.io/html/learn-counting-with-pictures-worksheet-pre-k-part-3-6000.html,https://mathworksheetkidscoloringdaily.github.io/images/learn-counting-with-pictures-worksheet-pre-k-part-3-6000.jpg,Elementary Math Activities,03/17/2026 01:31:00 PM
Grade 2 Division Practice Worksheet (23 Problems) - Part 4 | Printable Practice,Printable Division worksheet designed for Grade 2 students. Easy and fun math practice.,https://mathworksheetkidscoloringdaily.github.io/html/grade-2-division-practice-worksheet-23-problems-part-4-5961.html,https://mathworksheetkidscoloringdaily.github.io/images/grade-2-division-practice-worksheet-23-problems-part-4-5961.jpg,Kids Math Worksheets,03/17/2026 04:32:00 PM
4 Mathematics Practice Quiz Worksheet for Practice,Fun and engaging Math worksheet for Math. Perfect printable math practice.,https://mathworksheetkidscoloringdaily.github.io/html/4-mathematics-practice-quiz-worksheet-for-practice-1983.html,https://mathworksheetkidscoloringdaily.github.io/images/4-mathematics-practice-quiz-worksheet-for-practice-1983.jpg,Math Practice Printables,03/17/2026 08:25:00 PM
Missing Number Math Worksheet,Help kids master Missing Number with this printable worksheet for Grade 1. Great for daily math practice.,https://mathworksheetkidscoloringdaily.github.io/html/missing-number-math-worksheet-5734.html,https://mathworksheetkidscoloringdaily.github.io/images/missing-number-math-worksheet-5734.jpg,Homeschool Math,03/18/2026 08:38:00 AM
Mixed Operations Math Worksheet,Help kids master Mixed Operations with this printable worksheet for Grade 3. Great for daily math practice.,https://mathworksheetkidscoloringdaily.github.io/html/mixed-operations-math-worksheet-9207.html,https://mathworksheetkidscoloringdaily.github.io/images/mixed-operations-math-worksheet-9207.jpg,Kids Math Worksheets,03/18/2026 11:00:00 AM
Printable Free 14 Multiplication Math Worksheet For Grade 2 - Part 8 | Printable Practice,Free printable Multiplication worksheet for Grade 2. Perfect for homeschool practice and classroom activities.,https://mathworksheetkidscoloringdaily.github.io/html/printable-free-14-multiplication-math-worksheet-for-grade-2-part-8-2640.html,https://mathworksheetkidscoloringdaily.github.io/images/printable-free-14-multiplication-math-worksheet-for-grade-2-part-8-2640.jpg,Homeschool Math,03/18/2026 01:36:00 PM
Printable Free 26 Subtraction Math Worksheet For Grade 2 - Part 9 | Printable Practice,Fun and engaging Subtraction worksheet for Grade 2. Perfect printable math practice.,https://mathworksheetkidscoloringdaily.github.io/html/printable-free-26-subtraction-math-worksheet-for-grade-2-part-9-5137.html,https://mathworksheetkidscoloringdaily.github.io/images/printable-free-26-subtraction-math-worksheet-for-grade-2-part-9-5137.jpg,Elementary Math Activities,03/18/2026 04:24:00 PM
Grade 2 Multiplication Table 4 Practice - Part 10 | Printable Practice,Help kids master Times Table with this printable worksheet for Grade 2. Great for daily math practice.,https://mathworksheetkidscoloringdaily.github.io/html/grade-2-multiplication-table-4-practice-part-10-9643.html,https://mathworksheetkidscoloringdaily.github.io/images/grade-2-multiplication-table-4-practice-part-10-9643.jpg,Elementary Math Activities,03/18/2026 08:25:00 PM
Printable Tracing Worksheet For Kids - Part 11 | Free Printable,Help kids master Tracing with this printable worksheet for Kindergarten. Great for daily math practice.,https://mathworksheetkidscoloringdaily.github.io/html/printable-tracing-worksheet-for-kids-part-11-7619.html,https://mathworksheetkidscoloringdaily.github.io/images/printable-tracing-worksheet-for-kids-part-11-7619.jpg,Printable Worksheets,03/19/2026 08:38:00 AM
Math Word Problem Worksheet,Printable Word Problem worksheet designed for Grade 3 students. Easy and fun math practice.,https://mathworksheetkidscoloringdaily.github.io/html/math-word-problem-worksheet-4234.html,https://mathworksheetkidscoloringdaily.github.io/images/math-word-problem-worksheet-4234.jpg,Elementary Math Activities,03/19/2026 11:04:00 AM
Printable Free 19 Addition Math Worksheet For Grade 3 - Part 13 | Printable Practice,Free printable Addition worksheet for Grade 3. Perfect for homeschool practice and classroom activities.,https://mathworksheetkidscoloringdaily.github.io/html/printable-free-19-addition-math-worksheet-for-grade-3-part-13-6455.html,https://mathworksheetkidscoloringdaily.github.io/images/printable-free-19-addition-math-worksheet-for-grade-3-part-13-6455.jpg,Math Practice Printables,03/19/2026 01:23:00 PM
Free Grade 1 Count and Color Worksheet,Free printable Count and Color worksheet for Grade 1. Perfect for homeschool practice and classroom activities.,https://mathworksheetkidscoloringdaily.github.io/html/free-grade-1-count-and-color-worksheet-9412.html,https://mathworksheetkidscoloringdaily.github.io/images/free-grade-1-count-and-color-worksheet-9412.jpg,Elementary Math Activities,03/19/2026 04:26:00 PM
Free Counting Objects Worksheet For Kindergarten Printable - Part 15 | Printable Practice,Fun and engaging Counting Objects worksheet for Kindergarten. Perfect printable math practice.,https://mathworksheetkidscoloringdaily.github.io/html/free-counting-objects-worksheet-for-kindergarten-printable-part-15-6405.html,https://mathworksheetkidscoloringdaily.github.io/images/free-counting-objects-worksheet-for-kindergarten-printable-part-15-6405.jpg,Printable Worksheets,03/19/2026 08:23:00 PM
Printable Free 17 Division Math Worksheet For Grade 2 - Part 16 | Printable Practice,Free printable Division worksheet for Grade 2. Perfect for homeschool practice and classroom activities.,https://mathworksheetkidscoloringdaily.github.io/html/printable-free-17-division-math-worksheet-for-grade-2-part-16-5083.html,https://mathworksheetkidscoloringdaily.github.io/images/printable-free-17-division-math-worksheet-for-grade-2-part-16-5083.jpg,Printable Worksheets,03/20/2026 08:31:00 AM
4 Math Quiz Worksheet for Teens,Printable Math worksheet designed for Math students. Easy and fun math practice.,https://mathworksheetkidscoloringdaily.github.io/html/4-math-quiz-worksheet-for-teens-3228.html,https://mathworksheetkidscoloringdaily.github.io/images/4-math-quiz-worksheet-for-teens-3228.jpg,Kids Math Worksheets,03/20/2026 11:00:00 AM
Missing Number Math Worksheet,Teachers and parents love this Missing Number worksheet for Grade 1. Download and print instantly.,https://mathworksheetkidscoloringdaily.github.io/html/missing-number-math-worksheet-2062.html,https://mathworksheetkidscoloringdaily.github.io/images/missing-number-math-worksheet-2062.jpg,Homeschool Math,03/20/2026 01:32:00 PM
Mixed Operations Math Worksheet,Free printable Mixed Operations worksheet for Grade 3. Perfect for homeschool practice and classroom activities.,https://mathworksheetkidscoloringdaily.github.io/html/mixed-operations-math-worksheet-3779.html,https://mathworksheetkidscoloringdaily.github.io/images/mixed-operations-math-worksheet-3779.jpg,Printable Worksheets,03/20/2026 04:23:00 PM
Printable Free 14 Multiplication Math Worksheet For Grade 2 - Part 20 | Printable Practice,Help kids master Multiplication with this printable worksheet for Grade 2. Great for daily math practice.,https://mathworksheetkidscoloringdaily.github.io/html/printable-free-14-multiplication-math-worksheet-for-grade-2-part-20-7043.html,https://mathworksheetkidscoloringdaily.github.io/images/printable-free-14-multiplication-math-worksheet-for-grade-2-part-20-7043.jpg,Math Practice Printables,03/20/2026 08:25:00 PM
Free 28 Subtraction Math Worksheet For Grade 3 With Answers - Part 21 | Printable Practice,Help kids master Subtraction with this printable worksheet for Grade 3. Great for daily math practice.,https://mathworksheetkidscoloringdaily.github.io/html/free-28-subtraction-math-worksheet-for-grade-3-with-answers-part-21-4317.html,https://mathworksheetkidscoloringdaily.github.io/images/free-28-subtraction-math-worksheet-for-grade-3-with-answers-part-21-4317.jpg,Printable Worksheets,03/21/2026 08:33:00 AM
5 Times Table Worksheet For Grade 2 - Part 22 | Printable Practice,Printable Times Table worksheet designed for Grade 2 students. Easy and fun math practice.,https://mathworksheetkidscoloringdaily.github.io/html/5-times-table-worksheet-for-grade-2-part-22-7220.html,https://mathworksheetkidscoloringdaily.github.io/images/5-times-table-worksheet-for-grade-2-part-22-7220.jpg,Printable Worksheets,03/21/2026 11:00:00 AM
Printable Tracing Worksheet For Kids - Part 23 | Free Printable,Fun and engaging Tracing worksheet for Preschool. Perfect printable math practice.,https://mathworksheetkidscoloringdaily.github.io/html/printable-tracing-worksheet-for-kids-part-23-9657.html,https://mathworksheetkidscoloringdaily.github.io/images/printable-tracing-worksheet-for-kids-part-23-9657.jpg,Printable Worksheets,03/21/2026 01:32:00 PM
Math Word Problem Worksheet,Printable Word Problem worksheet designed for Grade 3 students. Easy and fun math practice.,https://mathworksheetkidscoloringdaily.github.io/html/math-word-problem-worksheet-4458.html,https://mathworksheetkidscoloringdaily.github.io/images/math-word-problem-worksheet-4458.jpg,Kids Math Worksheets,03/21/2026 04:34:00 PM
Grade 3 Addition Practice Worksheet (15 Problems) - Part 25 | Printable Practice,Free printable Addition worksheet for Grade 3. Perfect for homeschool practice and classroom activities.,https://mathworksheetkidscoloringdaily.github.io/html/grade-3-addition-practice-worksheet-15-problems-part-25-7107.html,https://mathworksheetkidscoloringdaily.github.io/images/grade-3-addition-practice-worksheet-15-problems-part-25-7107.jpg,Homeschool Math,03/21/2026 08:30:00 PM
Free Preschool Count and Color Worksheet,Printable Count and Color worksheet designed for Preschool students. Easy and fun math practice.,https://mathworksheetkidscoloringdaily.github.io/html/free-preschool-count-and-color-worksheet-4721.html,https://mathworksheetkidscoloringdaily.github.io/images/free-preschool-count-and-color-worksheet-4721.jpg,Printable Worksheets,03/22/2026 08:30:00 AM
Kindergarten Count The Objects Worksheet - Part 27 | Printable Practice,Fun and engaging Counting Objects worksheet for Kindergarten. Perfect printable math practice.,https://mathworksheetkidscoloringdaily.github.io/html/kindergarten-count-the-objects-worksheet-part-27-5207.html,https://mathworksheetkidscoloringdaily.github.io/images/kindergarten-count-the-objects-worksheet-part-27-5207.jpg,Homeschool Math,03/22/2026 11:08:00 AM
Printable Free 17 Division Math Worksheet For Grade 2 - Part 28 | Printable Practice,Printable Division worksheet designed for Grade 2 students. Easy and fun math practice.,https://mathworksheetkidscoloringdaily.github.io/html/printable-free-17-division-math-worksheet-for-grade-2-part-28-4430.html,https://mathworksheetkidscoloringdaily.github.io/images/printable-free-17-division-math-worksheet-for-grade-2-part-28-4430.jpg,Kids Math Worksheets,03/22/2026 01:29:00 PM
Challenging Mathematics Problem Set for Students (8 Questions),Free printable Math worksheet for Math. Perfect for homeschool practice and classroom activities.,https://mathworksheetkidscoloringdaily.github.io/html/challenging-mathematics-problem-set-for-students-8-questions-2386.html,https://mathworksheetkidscoloringdaily.github.io/images/challenging-mathematics-problem-set-for-students-8-questions-2386.jpg,Elementary Math Activities,03/22/2026 04:24:00 PM
Missing Number Math Worksheet,Fun and engaging Missing Number worksheet for Grade 1. Perfect printable math practice.,https://mathworksheetkidscoloringdaily.github.io/html/missing-number-math-worksheet-7849.html,https://mathworksheetkidscoloringdaily.github.io/images/missing-number-math-worksheet-7849.jpg,Math Practice Printables,03/22/2026 08:32:00 PM
Mixed Operations Math Worksheet,Printable Mixed Operations worksheet designed for Grade 3 students. Easy and fun math practice.,https://mathworksheetkidscoloringdaily.github.io/html/mixed-operations-math-worksheet-4513.html,https://mathworksheetkidscoloringdaily.github.io/images/mixed-operations-math-worksheet-4513.jpg,Math Practice Printables,03/23/2026 08:32:00 AM
Grade 2 Multiplication Practice Worksheet (21 Problems) - Part 32 | Printable Practice,Printable Multiplication worksheet designed for Grade 2 students. Easy and fun math practice.,https://mathworksheetkidscoloringdaily.github.io/html/grade-2-multiplication-practice-worksheet-21-problems-part-32-3759.html,https://mathworksheetkidscoloringdaily.github.io/images/grade-2-multiplication-practice-worksheet-21-problems-part-32-3759.jpg,Homeschool Math,03/23/2026 11:01:00 AM
Printable Free 25 Subtraction Math Worksheet For Grade 2 - Part 33 | Printable Practice,Printable Subtraction worksheet designed for Grade 2 students. Easy and fun math practice.,https://mathworksheetkidscoloringdaily.github.io/html/printable-free-25-subtraction-math-worksheet-for-grade-2-part-33-5094.html,https://mathworksheetkidscoloringdaily.github.io/images/printable-free-25-subtraction-math-worksheet-for-grade-2-part-33-5094.jpg,Homeschool Math,03/23/2026 01:35:00 PM
12 Times Table Worksheet For Grade 4 With Answers - Part 34 | Printable Practice,Fun and engaging Times Table worksheet for Grade 4. Perfect printable math practice.,https://mathworksheetkidscoloringdaily.github.io/html/12-times-table-worksheet-for-grade-4-with-answers-part-34-9831.html,https://mathworksheetkidscoloringdaily.github.io/images/12-times-table-worksheet-for-grade-4-with-answers-part-34-9831.jpg,Kids Math Worksheets,03/23/2026 04:31:00 PM
Printable Tracing Worksheet For Kids - Part 35 | Free Printable,Teachers and parents love this Tracing worksheet for Kindergarten. Download and print instantly.,https://mathworksheetkidscoloringdaily.github.io/html/printable-tracing-worksheet-for-kids-part-35-4444.html,https://mathworksheetkidscoloringdaily.github.io/images/printable-tracing-worksheet-for-kids-part-35-4444.jpg,Homeschool Math,03/23/2026 08:28:00 PM
Math Word Problem Worksheet,Fun and engaging Word Problem worksheet for Grade 3. Perfect printable math practice.,https://mathworksheetkidscoloringdaily.github.io/html/math-word-problem-worksheet-4879.html,https://mathworksheetkidscoloringdaily.github.io/images/math-word-problem-worksheet-4879.jpg,Homeschool Math,03/24/2026 08:26:00 AM
Grade 5 Addition Practice Worksheet (30 Problems) - Part 37 | Printable Practice,Help kids master Addition with this printable worksheet for Grade 5. Great for daily math practice.,https://mathworksheetkidscoloringdaily.github.io/html/grade-5-addition-practice-worksheet-30-problems-part-37-1698.html,https://mathworksheetkidscoloringdaily.github.io/images/grade-5-addition-practice-worksheet-30-problems-part-37-1698.jpg,Math Practice Printables,03/24/2026 11:07:00 AM
4 Free Count and Color Worksheets for Grade 1,Help kids master Count and Color with this printable worksheet for Grade 1. Great for daily math practice.,https://mathworksheetkidscoloringdaily.github.io/html/4-free-count-and-color-worksheets-for-grade-1-6106.html,https://mathworksheetkidscoloringdaily.github.io/images/4-free-count-and-color-worksheets-for-grade-1-6106.jpg,Kids Math Worksheets,03/24/2026 01:25:00 PM
Learn Counting With Pictures Worksheet (Kindergarten) - Part 39 | Printable Practice,Free printable Counting Objects worksheet for Kindergarten. Perfect for homeschool practice and classroom activities.,https://mathworksheetkidscoloringdaily.github.io/html/learn-counting-with-pictures-worksheet-kindergarten-part-39-9636.html,https://mathworksheetkidscoloringdaily.github.io/images/learn-counting-with-pictures-worksheet-kindergarten-part-39-9636.jpg,Elementary Math Activities,03/24/2026 04:22:00 PM
Grade 2 Division Practice Worksheet (18 Problems) - Part 40 | Printable Practice,Printable Division worksheet designed for Grade 2 students. Easy and fun math practice.,https://mathworksheetkidscoloringdaily.github.io/html/grade-2-division-practice-worksheet-18-problems-part-40-6268.html,https://mathworksheetkidscoloringdaily.github.io/images/grade-2-division-practice-worksheet-18-problems-part-40-6268.jpg,Printable Worksheets,03/24/2026 08:23:00 PM
4 Math Skill Test Quiz Worksheet for Study,Teachers and parents love this Math worksheet for Math. Download and print instantly.,https://mathworksheetkidscoloringdaily.github.io/html/4-math-skill-test-quiz-worksheet-for-study-7275.html,https://mathworksheetkidscoloringdaily.github.io/images/4-math-skill-test-quiz-worksheet-for-study-7275.jpg,Homeschool Math,03/25/2026 08:33:00 AM
Missing Number Math Worksheet,Help kids master Missing Number with this printable worksheet for Grade 1. Great for daily math practice.,https://mathworksheetkidscoloringdaily.github.io/html/missing-number-math-worksheet-5018.html,https://mathworksheetkidscoloringdaily.github.io/images/missing-number-math-worksheet-5018.jpg,Homeschool Math,03/25/2026 11:00:00 AM
Mixed Operations Math Worksheet,Help kids master Mixed Operations with this printable worksheet for Grade 3. Great for daily math practice.,https://mathworksheetkidscoloringdaily.github.io/html/mixed-operations-math-worksheet-6181.html,https://mathworksheetkidscoloringdaily.github.io/images/mixed-operations-math-worksheet-6181.jpg,Printable Worksheets,03/25/2026 01:25:00 PM
Printable Free 25 Multiplication Math Worksheet For Grade 1 - Part 44 | Printable Practice,Help kids master Multiplication with this printable worksheet for Grade 1. Great for daily math practice.,https://mathworksheetkidscoloringdaily.github.io/html/printable-free-25-multiplication-math-worksheet-for-grade-1-part-44-6282.html,https://mathworksheetkidscoloringdaily.github.io/images/printable-free-25-multiplication-math-worksheet-for-grade-1-part-44-6282.jpg,Kids Math Worksheets,03/25/2026 04:32:00 PM
Free 10 Subtraction Math Worksheet For Grade 5 - Part 45 | Printable Practice,Printable Subtraction worksheet designed for Grade 5 students. Easy and fun math practice.,https://mathworksheetkidscoloringdaily.github.io/html/free-10-subtraction-math-worksheet-for-grade-5-part-45-6187.html,https://mathworksheetkidscoloringdaily.github.io/images/free-10-subtraction-math-worksheet-for-grade-5-part-45-6187.jpg,Math Practice Printables,03/25/2026 08:29:00 PM
12 Times Table Worksheet For Grade 4 - Part 46 | Printable Practice,Fun and engaging Times Table worksheet for Grade 4. Perfect printable math practice.,https://mathworksheetkidscoloringdaily.github.io/html/12-times-table-worksheet-for-grade-4-part-46-2755.html,https://mathworksheetkidscoloringdaily.github.io/images/12-times-table-worksheet-for-grade-4-part-46-2755.jpg,Printable Worksheets,03/26/2026 08:38:00 AM
Printable Tracing Worksheet For Kids - Part 47 | Free Printable,Help kids master Tracing with this printable worksheet for Kindergarten. Great for daily math practice.,https://mathworksheetkidscoloringdaily.github.io/html/printable-tracing-worksheet-for-kids-part-47-4476.html,https://mathworksheetkidscoloringdaily.github.io/images/printable-tracing-worksheet-for-kids-part-47-4476.jpg,Elementary Math Activities,03/26/2026 11:01:00 AM
Math Word Problem Worksheet,Help kids master Word Problem with this printable worksheet for Grade 3. Great for daily math practice.,https://mathworksheetkidscoloringdaily.github.io/html/math-word-problem-worksheet-8498.html,https://mathworksheetkidscoloringdaily.github.io/images/math-word-problem-worksheet-8498.jpg,Printable Worksheets,03/26/2026 01:22:00 PM
Free 23 Addition Math Worksheet For Grade 1 With Answers - Part 49 | Printable Practice,Fun and engaging Addition worksheet for Grade 1. Perfect printable math practice.,https://mathworksheetkidscoloringdaily.github.io/html/free-23-addition-math-worksheet-for-grade-1-with-answers-part-49-3987.html,https://mathworksheetkidscoloringdaily.github.io/images/free-23-addition-math-worksheet-for-grade-1-with-answers-part-49-3987.jpg,Elementary Math Activities,03/26/2026 04:31:00 PM
Printable Count and Color Worksheet for Preschool Kids,Free printable Count and Color worksheet for Preschool. Perfect for homeschool practice and classroom activities.,https://mathworksheetkidscoloringdaily.github.io/html/printable-count-and-color-worksheet-for-preschool-kids-1509.html,https://mathworksheetkidscoloringdaily.github.io/images/printable-count-and-color-worksheet-for-preschool-kids-1509.jpg,Kids Math Worksheets,03/26/2026 08:33:00 PM
Kindergarten Count The Objects Worksheet - Part 51 | Printable Practice,Fun and engaging Counting Objects worksheet for Kindergarten. Perfect printable math practice.,https://mathworksheetkidscoloringdaily.github.io/html/kindergarten-count-the-objects-worksheet-part-51-4799.html,https://mathworksheetkidscoloringdaily.github.io/images/kindergarten-count-the-objects-worksheet-part-51-4799.jpg,Elementary Math Activities,03/27/2026 08:34:00 AM
Free 15 Division Math Worksheet For Grade 1 With Answers - Part 52 | Printable Practice,Help kids master Division with this printable worksheet for Grade 1. Great for daily math practice.,https://mathworksheetkidscoloringdaily.github.io/html/free-15-division-math-worksheet-for-grade-1-with-answers-part-52-8986.html,https://mathworksheetkidscoloringdaily.github.io/images/free-15-division-math-worksheet-for-grade-1-with-answers-part-52-8986.jpg,Elementary Math Activities,03/27/2026 11:00:00 AM
7 Math Trivia Practice Worksheet,Fun and engaging Math worksheet for Math. Perfect printable math practice.,https://mathworksheetkidscoloringdaily.github.io/html/7-math-trivia-practice-worksheet-4806.html,https://mathworksheetkidscoloringdaily.github.io/images/7-math-trivia-practice-worksheet-4806.jpg,Kids Math Worksheets,03/27/2026 01:23:00 PM
Missing Number Math Worksheet,Printable Missing Number worksheet designed for Grade 1 students. Easy and fun math practice.,https://mathworksheetkidscoloringdaily.github.io/html/missing-number-math-worksheet-5655.html,https://mathworksheetkidscoloringdaily.github.io/images/missing-number-math-worksheet-5655.jpg,Homeschool Math,03/27/2026 04:33:00 PM
Mixed Operations Math Worksheet,Free printable Mixed Operations worksheet for Grade 3. Perfect for homeschool practice and classroom activities.,https://mathworksheetkidscoloringdaily.github.io/html/mixed-operations-math-worksheet-7378.html,https://mathworksheetkidscoloringdaily.github.io/images/mixed-operations-math-worksheet-7378.jpg,Math Practice Printables,03/27/2026 08:24:00 PM
Free 11 Multiplication Math Worksheet For Grade 1 With Answers - Part 56 | Printable Practice,Help kids master Multiplication with this printable worksheet for Grade 1. Great for daily math practice.,https://mathworksheetkidscoloringdaily.github.io/html/free-11-multiplication-math-worksheet-for-grade-1-with-answers-part-56-3889.html,https://mathworksheetkidscoloringdaily.github.io/images/free-11-multiplication-math-worksheet-for-grade-1-with-answers-part-56-3889.jpg,Printable Worksheets,03/28/2026 08:32:00 AM
Grade 2 Subtraction Practice Worksheet (22 Problems) - Part 57 | Printable Practice,Teachers and parents love this Subtraction worksheet for Grade 2. Download and print instantly.,https://mathworksheetkidscoloringdaily.github.io/html/grade-2-subtraction-practice-worksheet-22-problems-part-57-2307.html,https://mathworksheetkidscoloringdaily.github.io/images/grade-2-subtraction-practice-worksheet-22-problems-part-57-2307.jpg,Printable Worksheets,03/28/2026 11:08:00 AM
2 Times Table Worksheet For Grade 2 - Part 58 | Printable Practice,Fun and engaging Times Table worksheet for Grade 2. Perfect printable math practice.,https://mathworksheetkidscoloringdaily.github.io/html/2-times-table-worksheet-for-grade-2-part-58-8419.html,https://mathworksheetkidscoloringdaily.github.io/images/2-times-table-worksheet-for-grade-2-part-58-8419.jpg,Homeschool Math,03/28/2026 01:27:00 PM
Printable Tracing Worksheet For Kids - Part 59 | Free Printable,Help kids master Tracing with this printable worksheet for Preschool. Great for daily math practice.,https://mathworksheetkidscoloringdaily.github.io/html/printable-tracing-worksheet-for-kids-part-59-6751.html,https://mathworksheetkidscoloringdaily.github.io/images/printable-tracing-worksheet-for-kids-part-59-6751.jpg,Homeschool Math,03/28/2026 04:34:00 PM
Math Word Problem Worksheet,Teachers and parents love this Word Problem worksheet for Grade 3. Download and print instantly.,https://mathworksheetkidscoloringdaily.github.io/html/math-word-problem-worksheet-8425.html,https://mathworksheetkidscoloringdaily.github.io/images/math-word-problem-worksheet-8425.jpg,Math Practice Printables,03/28/2026 08:35:00 PM
Free 14 Addition Math Worksheet For Grade 3 - Part 61 | Printable Practice,Help kids master Addition with this printable worksheet for Grade 3. Great for daily math practice.,https://mathworksheetkidscoloringdaily.github.io/html/free-14-addition-math-worksheet-for-grade-3-part-61-7554.html,https://mathworksheetkidscoloringdaily.github.io/images/free-14-addition-math-worksheet-for-grade-3-part-61-7554.jpg,Kids Math Worksheets,03/29/2026 08:26:00 AM
"Count and Color Star, Star, Flower Worksheet for Kids",Help kids master Count and Color with this printable worksheet for Preschool. Great for daily math practice.,https://mathworksheetkidscoloringdaily.github.io/html/count-and-color-star-star-flower-worksheet-for-kids-7859.html,https://mathworksheetkidscoloringdaily.github.io/images/count-and-color-star-star-flower-worksheet-for-kids-7859.jpg,Kids Math Worksheets,03/29/2026 11:08:00 AM
Free Counting Objects Worksheet For Kindergarten Printable - Part 63 | Printable Practice,Printable Counting Objects worksheet designed for Kindergarten students. Easy and fun math practice.,https://mathworksheetkidscoloringdaily.github.io/html/free-counting-objects-worksheet-for-kindergarten-printable-part-63-5978.html,https://mathworksheetkidscoloringdaily.github.io/images/free-counting-objects-worksheet-for-kindergarten-printable-part-63-5978.jpg,Kids Math Worksheets,03/29/2026 01:23:00 PM
Free 19 Division Math Worksheet For Grade 1 With Answers - Part 64 | Printable Practice,Free printable Division worksheet for Grade 1. Perfect for homeschool practice and classroom activities.,https://mathworksheetkidscoloringdaily.github.io/html/free-19-division-math-worksheet-for-grade-1-with-answers-part-64-2776.html,https://mathworksheetkidscoloringdaily.github.io/images/free-19-division-math-worksheet-for-grade-1-with-answers-part-64-2776.jpg,Elementary Math Activities,03/29/2026 04:29:00 PM
4 Math Challenge for Study,Fun and engaging Math worksheet for Math. Perfect printable math practice.,https://mathworksheetkidscoloringdaily.github.io/html/4-math-challenge-for-study-6085.html,https://mathworksheetkidscoloringdaily.github.io/images/4-math-challenge-for-study-6085.jpg,Math Practice Printables,03/29/2026 08:25:00 PM
Missing Number Math Worksheet,Free printable Missing Number worksheet for Grade 1. Perfect for homeschool practice and classroom activities.,https://mathworksheetkidscoloringdaily.github.io/html/missing-number-math-worksheet-2629.html,https://mathworksheetkidscoloringdaily.github.io/images/missing-number-math-worksheet-2629.jpg,Kids Math Worksheets,03/30/2026 08:24:00 AM
Mixed Operations Math Worksheet,Free printable Mixed Operations worksheet for Grade 3. Perfect for homeschool practice and classroom activities.,https://mathworksheetkidscoloringdaily.github.io/html/mixed-operations-math-worksheet-1357.html,https://mathworksheetkidscoloringdaily.github.io/images/mixed-operations-math-worksheet-1357.jpg,Kids Math Worksheets,03/30/2026 11:05:00 AM
Grade 2 Multiplication Practice Worksheet (10 Problems) - Part 68 | Printable Practice,Free printable Multiplication worksheet for Grade 2. Perfect for homeschool practice and classroom activities.,https://mathworksheetkidscoloringdaily.github.io/html/grade-2-multiplication-practice-worksheet-10-problems-part-68-2144.html,https://mathworksheetkidscoloringdaily.github.io/images/grade-2-multiplication-practice-worksheet-10-problems-part-68-2144.jpg,Kids Math Worksheets,03/30/2026 01:33:00 PM
Printable Free 26 Subtraction Math Worksheet For Grade 2 - Part 69 | Printable Practice,Printable Subtraction worksheet designed for Grade 2 students. Easy and fun math practice.,https://mathworksheetkidscoloringdaily.github.io/html/printable-free-26-subtraction-math-worksheet-for-grade-2-part-69-3022.html,https://mathworksheetkidscoloringdaily.github.io/images/printable-free-26-subtraction-math-worksheet-for-grade-2-part-69-3022.jpg,Elementary Math Activities,03/30/2026 04:25:00 PM
Printable 8 Times Table Worksheet For Grade 3 - Part 70 | Printable Practice,Printable Times Table worksheet designed for Grade 3 students. Easy and fun math practice.,https://mathworksheetkidscoloringdaily.github.io/html/printable-8-times-table-worksheet-for-grade-3-part-70-9459.html,https://mathworksheetkidscoloringdaily.github.io/images/printable-8-times-table-worksheet-for-grade-3-part-70-9459.jpg,Elementary Math Activities,03/30/2026 08:38:00 PM
Printable Tracing Worksheet For Kids - Part 71 | Free Printable,Free printable Tracing worksheet for Kindergarten. Perfect for homeschool practice and classroom activities.,https://mathworksheetkidscoloringdaily.github.io/html/printable-tracing-worksheet-for-kids-part-71-6817.html,https://mathworksheetkidscoloringdaily.github.io/images/printable-tracing-worksheet-for-kids-part-71-6817.jpg,Printable Worksheets,03/31/2026 08:28:00 AM
Math Word Problem Worksheet,Teachers and parents love this Word Problem worksheet for Grade 3. Download and print instantly.,https://mathworksheetkidscoloringdaily.github.io/html/math-word-problem-worksheet-3699.html,https://mathworksheetkidscoloringdaily.github.io/images/math-word-problem-worksheet-3699.jpg,Kids Math Worksheets,03/31/2026 11:04:00 AM
Free 16 Addition Math Worksheet For Grade 1 - Part 73 | Printable Practice,Teachers and parents love this Addition worksheet for Grade 1. Download and print instantly.,https://mathworksheetkidscoloringdaily.github.io/html/free-16-addition-math-worksheet-for-grade-1-part-73-4648.html,https://mathworksheetkidscoloringdaily.github.io/images/free-16-addition-math-worksheet-for-grade-1-part-73-4648.jpg,Elementary Math Activities,03/31/2026 01:31:00 PM
Kindergarten Count and Color Shapes Worksheet,Free printable Count and Color worksheet for Kindergarten. Perfect for homeschool practice and classroom activities.,https://mathworksheetkidscoloringdaily.github.io/html/kindergarten-count-and-color-shapes-worksheet-1338.html,https://mathworksheetkidscoloringdaily.github.io/images/kindergarten-count-and-color-shapes-worksheet-1338.jpg,Math Practice Printables,03/31/2026 04:23:00 PM
Free Counting Objects Worksheet For Kindergarten - Part 75 | Printable Practice,Printable Counting Objects worksheet designed for Kindergarten students. Easy and fun math practice.,https://mathworksheetkidscoloringdaily.github.io/html/free-counting-objects-worksheet-for-kindergarten-part-75-9204.html,https://mathworksheetkidscoloringdaily.github.io/images/free-counting-objects-worksheet-for-kindergarten-part-75-9204.jpg,Math Practice Printables,03/31/2026 08:29:00 PM
Grade 2 Division Practice Worksheet (17 Problems) - Part 76 | Printable Practice,Free printable Division worksheet for Grade 2. Perfect for homeschool practice and classroom activities.,https://mathworksheetkidscoloringdaily.github.io/html/grade-2-division-practice-worksheet-17-problems-part-76-3220.html,https://mathworksheetkidscoloringdaily.github.io/images/grade-2-division-practice-worksheet-17-problems-part-76-3220.jpg,Homeschool Math,04/01/2026 08:25:00 AM
Practice Math Knowledge Test Test Worksheet,Fun and engaging Math worksheet for Math. Perfect printable math practice.,https://mathworksheetkidscoloringdaily.github.io/html/practice-math-knowledge-test-test-worksheet-6846.html,https://mathworksheetkidscoloringdaily.github.io/images/practice-math-knowledge-test-test-worksheet-6846.jpg,Math Practice Printables,04/01/2026 11:00:00 AM
Missing Number Math Worksheet,Fun and engaging Missing Number worksheet for Grade 1. Perfect printable math practice.,https://mathworksheetkidscoloringdaily.github.io/html/missing-number-math-worksheet-7939.html,https://mathworksheetkidscoloringdaily.github.io/images/missing-number-math-worksheet-7939.jpg,Elementary Math Activities,04/01/2026 01:37:00 PM
Mixed Operations Math Worksheet,Printable Mixed Operations worksheet designed for Grade 3 students. Easy and fun math practice.,https://mathworksheetkidscoloringdaily.github.io/html/mixed-operations-math-worksheet-6721.html,https://mathworksheetkidscoloringdaily.github.io/images/mixed-operations-math-worksheet-6721.jpg,Elementary Math Activities,04/01/2026 04:25:00 PM
Grade 2 Multiplication Practice Worksheet (17 Problems) - Part 80 | Printable Practice,Free printable Multiplication worksheet for Grade 2. Perfect for homeschool practice and classroom activities.,https://mathworksheetkidscoloringdaily.github.io/html/grade-2-multiplication-practice-worksheet-17-problems-part-80-8006.html,https://mathworksheetkidscoloringdaily.github.io/images/grade-2-multiplication-practice-worksheet-17-problems-part-80-8006.jpg,Elementary Math Activities,04/01/2026 08:22:00 PM
Free 25 Subtraction Math Worksheet For Grade 2 With Answers - Part 81 | Printable Practice,Teachers and parents love this Subtraction worksheet for Grade 2. Download and print instantly.,https://mathworksheetkidscoloringdaily.github.io/html/free-25-subtraction-math-worksheet-for-grade-2-with-answers-part-81-9012.html,https://mathworksheetkidscoloringdaily.github.io/images/free-25-subtraction-math-worksheet-for-grade-2-with-answers-part-81-9012.jpg,Kids Math Worksheets,04/02/2026 08:31:00 AM
Grade 3 Multiplication Table 10 Practice - Part 82 | Printable Practice,Fun and engaging Times Table worksheet for Grade 3. Perfect printable math practice.,https://mathworksheetkidscoloringdaily.github.io/html/grade-3-multiplication-table-10-practice-part-82-6052.html,https://mathworksheetkidscoloringdaily.github.io/images/grade-3-multiplication-table-10-practice-part-82-6052.jpg,Printable Worksheets,04/02/2026 11:00:00 AM
Printable Tracing Worksheet For Kids - Part 83 | Free Printable,Help kids master Tracing with this printable worksheet for Preschool. Great for daily math practice.,https://mathworksheetkidscoloringdaily.github.io/html/printable-tracing-worksheet-for-kids-part-83-1256.html,https://mathworksheetkidscoloringdaily.github.io/images/printable-tracing-worksheet-for-kids-part-83-1256.jpg,Elementary Math Activities,04/02/2026 01:25:00 PM
Math Word Problem Worksheet,Printable Word Problem worksheet designed for Grade 3 students. Easy and fun math practice.,https://mathworksheetkidscoloringdaily.github.io/html/math-word-problem-worksheet-8998.html,https://mathworksheetkidscoloringdaily.github.io/images/math-word-problem-worksheet-8998.jpg,Homeschool Math,04/02/2026 04:30:00 PM
Grade 5 Addition Practice Worksheet (18 Problems) - Part 85 | Printable Practice,Free printable Addition worksheet for Grade 5. Perfect for homeschool practice and classroom activities.,https://mathworksheetkidscoloringdaily.github.io/html/grade-5-addition-practice-worksheet-18-problems-part-85-1253.html,https://mathworksheetkidscoloringdaily.github.io/images/grade-5-addition-practice-worksheet-18-problems-part-85-1253.jpg,Printable Worksheets,04/02/2026 08:24:00 PM
Printable Count and Color Worksheet for Preschool Kids,Teachers and parents love this Count and Color worksheet for Preschool. Download and print instantly.,https://mathworksheetkidscoloringdaily.github.io/html/printable-count-and-color-worksheet-for-preschool-kids-1780.html,https://mathworksheetkidscoloringdaily.github.io/images/printable-count-and-color-worksheet-for-preschool-kids-1780.jpg,Homeschool Math,04/03/2026 08:26:00 AM
Kindergarten Count The Objects Worksheet - Part 87 | Printable Practice,Printable Counting Objects worksheet designed for Kindergarten students. Easy and fun math practice.,https://mathworksheetkidscoloringdaily.github.io/html/kindergarten-count-the-objects-worksheet-part-87-3688.html,https://mathworksheetkidscoloringdaily.github.io/images/kindergarten-count-the-objects-worksheet-part-87-3688.jpg,Homeschool Math,04/03/2026 11:00:00 AM
Free 28 Division Math Worksheet For Grade 1 With Answers - Part 88 | Printable Practice,Teachers and parents love this Division worksheet for Grade 1. Download and print instantly.,https://mathworksheetkidscoloringdaily.github.io/html/free-28-division-math-worksheet-for-grade-1-with-answers-part-88-9999.html,https://mathworksheetkidscoloringdaily.github.io/images/free-28-division-math-worksheet-for-grade-1-with-answers-part-88-9999.jpg,Kids Math Worksheets,04/03/2026 01:22:00 PM
Advanced Math Challenge Test Worksheet for Teens,Free printable Math worksheet for Math. Perfect for homeschool practice and classroom activities.,https://mathworksheetkidscoloringdaily.github.io/html/advanced-math-challenge-test-worksheet-for-teens-9102.html,https://mathworksheetkidscoloringdaily.github.io/images/advanced-math-challenge-test-worksheet-for-teens-9102.jpg,Homeschool Math,04/03/2026 04:23:00 PM
Missing Number Math Worksheet,Help kids master Missing Number with this printable worksheet for Grade 1. Great for daily math practice.,https://mathworksheetkidscoloringdaily.github.io/html/missing-number-math-worksheet-2779.html,https://mathworksheetkidscoloringdaily.github.io/images/missing-number-math-worksheet-2779.jpg,Printable Worksheets,04/03/2026 08:28:00 PM
Mixed Operations Math Worksheet,Fun and engaging Mixed Operations worksheet for Grade 3. Perfect printable math practice.,https://mathworksheetkidscoloringdaily.github.io/html/mixed-operations-math-worksheet-9375.html,https://mathworksheetkidscoloringdaily.github.io/images/mixed-operations-math-worksheet-9375.jpg,Kids Math Worksheets,04/04/2026 08:35:00 AM
Free 20 Multiplication Math Worksheet For Grade 2 With Answers - Part 92 | Printable Practice,Help kids master Multiplication with this printable worksheet for Grade 2. Great for daily math practice.,https://mathworksheetkidscoloringdaily.github.io/html/free-20-multiplication-math-worksheet-for-grade-2-with-answers-part-92-1645.html,https://mathworksheetkidscoloringdaily.github.io/images/free-20-multiplication-math-worksheet-for-grade-2-with-answers-part-92-1645.jpg,Elementary Math Activities,04/04/2026 11:03:00 AM
Grade 2 Subtraction Practice Worksheet (12 Problems) - Part 93 | Printable Practice,Help kids master Subtraction with this printable worksheet for Grade 2. Great for daily math practice.,https://mathworksheetkidscoloringdaily.github.io/html/grade-2-subtraction-practice-worksheet-12-problems-part-93-2114.html,https://mathworksheetkidscoloringdaily.github.io/images/grade-2-subtraction-practice-worksheet-12-problems-part-93-2114.jpg,Math Practice Printables,04/04/2026 01:27:00 PM
5 Times Table Worksheet For Grade 2 - Part 94 | Printable Practice,Help kids master Times Table with this printable worksheet for Grade 2. Great for daily math practice.,https://mathworksheetkidscoloringdaily.github.io/html/5-times-table-worksheet-for-grade-2-part-94-1969.html,https://mathworksheetkidscoloringdaily.github.io/images/5-times-table-worksheet-for-grade-2-part-94-1969.jpg,Math Practice Printables,04/04/2026 04:26:00 PM
Printable Tracing Worksheet For Kids - Part 95 | Free Printable,Teachers and parents love this Tracing worksheet for Preschool. Download and print instantly.,https://mathworksheetkidscoloringdaily.github.io/html/printable-tracing-worksheet-for-kids-part-95-5547.html,https://mathworksheetkidscoloringdaily.github.io/images/printable-tracing-worksheet-for-kids-part-95-5547.jpg,Printable Worksheets,04/04/2026 08:36:00 PM
Math Word Problem Worksheet,Teachers and parents love this Word Problem worksheet for Grade 3. Download and print instantly.,https://mathworksheetkidscoloringdaily.github.io/html/math-word-problem-worksheet-6094.html,https://mathworksheetkidscoloringdaily.github.io/images/math-word-problem-worksheet-6094.jpg,Math Practice Printables,04/05/2026 08:26:00 AM
Printable Free 28 Addition Math Worksheet For Grade 1 - Part 97 | Printable Practice,Help kids master Addition with this printable worksheet for Grade 1. Great for daily math practice.,https://mathworksheetkidscoloringdaily.github.io/html/printable-free-28-addition-math-worksheet-for-grade-1-part-97-2100.html,https://mathworksheetkidscoloringdaily.github.io/images/printable-free-28-addition-math-worksheet-for-grade-1-part-97-2100.jpg,Printable Worksheets,04/05/2026 11:00:00 AM
4 Free Count and Color Worksheets for Grade 1,Teachers and parents love this Count and Color worksheet for Grade 1. Download and print instantly.,https://mathworksheetkidscoloringdaily.github.io/html/4-free-count-and-color-worksheets-for-grade-1-1095.html,https://mathworksheetkidscoloringdaily.github.io/images/4-free-count-and-color-worksheets-for-grade-1-1095.jpg,Kids Math Worksheets,04/05/2026 01:26:00 PM
Pre-K Count The Objects Worksheet - Part 99 | Printable Practice,Teachers and parents love this Counting Objects worksheet for Pre-K. Download and print instantly.,https://mathworksheetkidscoloringdaily.github.io/html/pre-k-count-the-objects-worksheet-part-99-7731.html,https://mathworksheetkidscoloringdaily.github.io/images/pre-k-count-the-objects-worksheet-part-99-7731.jpg,Kids Math Worksheets,04/05/2026 04:36:00 PM
Free 13 Division Math Worksheet For Grade 2 With Answers - Part 100 | Printable Practice,Free printable Division worksheet for Grade 2. Perfect for homeschool practice and classroom activities.,https://mathworksheetkidscoloringdaily.github.io/html/free-13-division-math-worksheet-for-grade-2-with-answers-part-100-9745.html,https://mathworksheetkidscoloringdaily.github.io/images/free-13-division-math-worksheet-for-grade-2-with-answers-part-100-9745.jpg,Elementary Math Activities,04/05/2026 08:34:00 PM
Ultimate Mathematics Quiz for Students (4 Questions),Help kids master Math with this printable worksheet for Math. Great for daily math practice.,https://mathworksheetkidscoloringdaily.github.io/html/ultimate-mathematics-quiz-for-students-4-questions-2060.html,https://mathworksheetkidscoloringdaily.github.io/images/ultimate-mathematics-quiz-for-students-4-questions-2060.jpg,Kids Math Worksheets,04/06/2026 08:29:00 AM
Missing Number Math Worksheet,Free printable Missing Number worksheet for Grade 1. Perfect for homeschool practice and classroom activities.,https://mathworksheetkidscoloringdaily.github.io/html/missing-number-math-worksheet-6324.html,https://mathworksheetkidscoloringdaily.github.io/images/missing-number-math-worksheet-6324.jpg,Kids Math Worksheets,04/06/2026 11:00:00 AM
Mixed Operations Math Worksheet,Printable Mixed Operations worksheet designed for Grade 3 students. Easy and fun math practice.,https://mathworksheetkidscoloringdaily.github.io/html/mixed-operations-math-worksheet-7663.html,https://mathworksheetkidscoloringdaily.github.io/images/mixed-operations-math-worksheet-7663.jpg,Homeschool Math,04/06/2026 01:33:00 PM
Free 28 Multiplication Math Worksheet For Grade 1 With Answers - Part 104 | Printable Practice,Teachers and parents love this Multiplication worksheet for Grade 1. Download and print instantly.,https://mathworksheetkidscoloringdaily.github.io/html/free-28-multiplication-math-worksheet-for-grade-1-with-answers-part-104-9031.html,https://mathworksheetkidscoloringdaily.github.io/images/free-28-multiplication-math-worksheet-for-grade-1-with-answers-part-104-9031.jpg,Homeschool Math,04/06/2026 04:35:00 PM
Free 25 Subtraction Math Worksheet For Grade 3 - Part 105 | Printable Practice,Teachers and parents love this Subtraction worksheet for Grade 3. Download and print instantly.,https://mathworksheetkidscoloringdaily.github.io/html/free-25-subtraction-math-worksheet-for-grade-3-part-105-2851.html,https://mathworksheetkidscoloringdaily.github.io/images/free-25-subtraction-math-worksheet-for-grade-3-part-105-2851.jpg,Homeschool Math,04/06/2026 08:35:00 PM
Grade 2 Multiplication Table 3 Practice - Part 106 | Printable Practice,Teachers and parents love this Times Table worksheet for Grade 2. Download and print instantly.,https://mathworksheetkidscoloringdaily.github.io/html/grade-2-multiplication-table-3-practice-part-106-9575.html,https://mathworksheetkidscoloringdaily.github.io/images/grade-2-multiplication-table-3-practice-part-106-9575.jpg,Kids Math Worksheets,04/07/2026 08:34:00 AM
Printable Tracing Worksheet For Kids - Part 107 | Free Printable,Teachers and parents love this Tracing worksheet for Kindergarten. Download and print instantly.,https://mathworksheetkidscoloringdaily.github.io/html/printable-tracing-worksheet-for-kids-part-107-7156.html,https://mathworksheetkidscoloringdaily.github.io/images/printable-tracing-worksheet-for-kids-part-107-7156.jpg,Homeschool Math,04/07/2026 11:00:00 AM
Math Word Problem Worksheet,Help kids master Word Problem with this printable worksheet for Grade 3. Great for daily math practice.,https://mathworksheetkidscoloringdaily.github.io/html/math-word-problem-worksheet-5123.html,https://mathworksheetkidscoloringdaily.github.io/images/math-word-problem-worksheet-5123.jpg,Printable Worksheets,04/07/2026 01:37:00 PM
Free 10 Addition Math Worksheet For Grade 1 - Part 109 | Printable Practice,Teachers and parents love this Addition worksheet for Grade 1. Download and print instantly.,https://mathworksheetkidscoloringdaily.github.io/html/free-10-addition-math-worksheet-for-grade-1-part-109-6624.html,https://mathworksheetkidscoloringdaily.github.io/images/free-10-addition-math-worksheet-for-grade-1-part-109-6624.jpg,Elementary Math Activities,04/07/2026 04:32:00 PM
5 Free Count and Color Worksheets for Preschool,Help kids master Count and Color with this printable worksheet for Preschool. Great for daily math practice.,https://mathworksheetkidscoloringdaily.github.io/html/5-free-count-and-color-worksheets-for-preschool-7613.html,https://mathworksheetkidscoloringdaily.github.io/images/5-free-count-and-color-worksheets-for-preschool-7613.jpg,Homeschool Math,04/07/2026 08:22:00 PM
Learn Counting With Pictures Worksheet (Kindergarten) - Part 111 | Printable Practice,Printable Counting Objects worksheet designed for Kindergarten students. Easy and fun math practice.,https://mathworksheetkidscoloringdaily.github.io/html/learn-counting-with-pictures-worksheet-kindergarten-part-111-5582.html,https://mathworksheetkidscoloringdaily.github.io/images/learn-counting-with-pictures-worksheet-kindergarten-part-111-5582.jpg,Kids Math Worksheets,04/08/2026 08:25:00 AM
Grade 2 Division Practice Worksheet (19 Problems) - Part 112 | Printable Practice,Free printable Division worksheet for Grade 2. Perfect for homeschool practice and classroom activities.,https://mathworksheetkidscoloringdaily.github.io/html/grade-2-division-practice-worksheet-19-problems-part-112-3098.html,https://mathworksheetkidscoloringdaily.github.io/images/grade-2-division-practice-worksheet-19-problems-part-112-3098.jpg,Homeschool Math,04/08/2026 11:06:00 AM
7 Mathematics Problem Set for Math Learners,Teachers and parents love this Math worksheet for Math. Download and print instantly.,https://mathworksheetkidscoloringdaily.github.io/html/7-mathematics-problem-set-for-math-learners-7494.html,https://mathworksheetkidscoloringdaily.github.io/images/7-mathematics-problem-set-for-math-learners-7494.jpg,Homeschool Math,04/08/2026 01:22:00 PM
Missing Number Math Worksheet,Printable Missing Number worksheet designed for Grade 1 students. Easy and fun math practice.,https://mathworksheetkidscoloringdaily.github.io/html/missing-number-math-worksheet-3087.html,https://mathworksheetkidscoloringdaily.github.io/images/missing-number-math-worksheet-3087.jpg,Elementary Math Activities,04/08/2026 04:32:00 PM
Mixed Operations Math Worksheet,Printable Mixed Operations worksheet designed for Grade 3 students. Easy and fun math practice.,https://mathworksheetkidscoloringdaily.github.io/html/mixed-operations-math-worksheet-3318.html,https://mathworksheetkidscoloringdaily.github.io/images/mixed-operations-math-worksheet-3318.jpg,Homeschool Math,04/08/2026 08:23:00 PM
Grade 2 Multiplication Practice Worksheet (19 Problems) - Part 116 | Printable Practice,Teachers and parents love this Multiplication worksheet for Grade 2. Download and print instantly.,https://mathworksheetkidscoloringdaily.github.io/html/grade-2-multiplication-practice-worksheet-19-problems-part-116-4951.html,https://mathworksheetkidscoloringdaily.github.io/images/grade-2-multiplication-practice-worksheet-19-problems-part-116-4951.jpg,Math Practice Printables,04/09/2026 08:26:00 AM
Free 24 Subtraction Math Worksheet For Grade 5 - Part 117 | Printable Practice,Teachers and parents love this Subtraction worksheet for Grade 5. Download and print instantly.,https://mathworksheetkidscoloringdaily.github.io/html/free-24-subtraction-math-worksheet-for-grade-5-part-117-7271.html,https://mathworksheetkidscoloringdaily.github.io/images/free-24-subtraction-math-worksheet-for-grade-5-part-117-7271.jpg,Homeschool Math,04/09/2026 11:01:00 AM
Grade 3 Multiplication Table 10 Practice - Part 118 | Printable Practice,Free printable Times Table worksheet for Grade 3. Perfect for homeschool practice and classroom activities.,https://mathworksheetkidscoloringdaily.github.io/html/grade-3-multiplication-table-10-practice-part-118-7455.html,https://mathworksheetkidscoloringdaily.github.io/images/grade-3-multiplication-table-10-practice-part-118-7455.jpg,Kids Math Worksheets,04/09/2026 01:27:00 PM
Printable Tracing Worksheet For Kids - Part 119 | Free Printable,Teachers and parents love this Tracing worksheet for Preschool. Download and print instantly.,https://mathworksheetkidscoloringdaily.github.io/html/printable-tracing-worksheet-for-kids-part-119-9019.html,https://mathworksheetkidscoloringdaily.github.io/images/printable-tracing-worksheet-for-kids-part-119-9019.jpg,Math Practice Printables,04/09/2026 04:25:00 PM
Math Word Problem Worksheet,Teachers and parents love this Word Problem worksheet for Grade 3. Download and print instantly.,https://mathworksheetkidscoloringdaily.github.io/html/math-word-problem-worksheet-8242.html,https://mathworksheetkidscoloringdaily.github.io/images/math-word-problem-worksheet-8242.jpg,Kids Math Worksheets,04/09/2026 08:24:00 PM
Printable Free 26 Addition Math Worksheet For Grade 5 - Part 121 | Printable Practice,Printable Addition worksheet designed for Grade 5 students. Easy and fun math practice.,https://mathworksheetkidscoloringdaily.github.io/html/printable-free-26-addition-math-worksheet-for-grade-5-part-121-7663.html,https://mathworksheetkidscoloringdaily.github.io/images/printable-free-26-addition-math-worksheet-for-grade-5-part-121-7663.jpg,Kids Math Worksheets,04/10/2026 08:36:00 AM
Printable Count and Color Worksheet for Grade 1 Kids,Printable Count and Color worksheet designed for Grade 1 students. Easy and fun math practice.,https://mathworksheetkidscoloringdaily.github.io/html/printable-count-and-color-worksheet-for-grade-1-kids-3822.html,https://mathworksheetkidscoloringdaily.github.io/images/printable-count-and-color-worksheet-for-grade-1-kids-3822.jpg,Homeschool Math,04/10/2026 11:00:00 AM
Kindergarten Count The Objects Worksheet - Part 123 | Printable Practice,Free printable Counting Objects worksheet for Kindergarten. Perfect for homeschool practice and classroom activities.,https://mathworksheetkidscoloringdaily.github.io/html/kindergarten-count-the-objects-worksheet-part-123-2505.html,https://mathworksheetkidscoloringdaily.github.io/images/kindergarten-count-the-objects-worksheet-part-123-2505.jpg,Elementary Math Activities,04/10/2026 01:25:00 PM
Printable Free 11 Division Math Worksheet For Grade 2 - Part 124 | Printable Practice,Printable Division worksheet designed for Grade 2 students. Easy and fun math practice.,https://mathworksheetkidscoloringdaily.github.io/html/printable-free-11-division-math-worksheet-for-grade-2-part-124-2111.html,https://mathworksheetkidscoloringdaily.github.io/images/printable-free-11-division-math-worksheet-for-grade-2-part-124-2111.jpg,Math Practice Printables,04/10/2026 04:31:00 PM
4 General Math Quiz Quiz Worksheet for Students,Teachers and parents love this Math worksheet for Math. Download and print instantly.,https://mathworksheetkidscoloringdaily.github.io/html/4-general-math-quiz-quiz-worksheet-for-students-5531.html,https://mathworksheetkidscoloringdaily.github.io/images/4-general-math-quiz-quiz-worksheet-for-students-5531.jpg,Printable Worksheets,04/10/2026 08:23:00 PM
Missing Number Math Worksheet,Printable Missing Number worksheet designed for Grade 1 students. Easy and fun math practice.,https://mathworksheetkidscoloringdaily.github.io/html/missing-number-math-worksheet-6193.html,https://mathworksheetkidscoloringdaily.github.io/images/missing-number-math-worksheet-6193.jpg,Elementary Math Activities,04/11/2026 08:27:00 AM
Mixed Operations Math Worksheet,Fun and engaging Mixed Operations worksheet for Grade 3. Perfect printable math practice.,https://mathworksheetkidscoloringdaily.github.io/html/mixed-operations-math-worksheet-4422.html,https://mathworksheetkidscoloringdaily.github.io/images/mixed-operations-math-worksheet-4422.jpg,Kids Math Worksheets,04/11/2026 11:02:00 AM
Free 19 Multiplication Math Worksheet For Grade 1 With Answers - Part 128 | Printable Practice,Help kids master Multiplication with this printable worksheet for Grade 1. Great for daily math practice.,https://mathworksheetkidscoloringdaily.github.io/html/free-19-multiplication-math-worksheet-for-grade-1-with-answers-part-128-6672.html,https://mathworksheetkidscoloringdaily.github.io/images/free-19-multiplication-math-worksheet-for-grade-1-with-answers-part-128-6672.jpg,Elementary Math Activities,04/11/2026 01:25:00 PM
Grade 3 Subtraction Practice Worksheet (15 Problems) - Part 129 | Printable Practice,Help kids master Subtraction with this printable worksheet for Grade 3. Great for daily math practice.,https://mathworksheetkidscoloringdaily.github.io/html/grade-3-subtraction-practice-worksheet-15-problems-part-129-9127.html,https://mathworksheetkidscoloringdaily.github.io/images/grade-3-subtraction-practice-worksheet-15-problems-part-129-9127.jpg,Math Practice Printables,04/11/2026 04:30:00 PM
7 Times Table Worksheet For Grade 3 - Part 130 | Printable Practice,Printable Times Table worksheet designed for Grade 3 students. Easy and fun math practice.,https://mathworksheetkidscoloringdaily.github.io/html/7-times-table-worksheet-for-grade-3-part-130-8553.html,https://mathworksheetkidscoloringdaily.github.io/images/7-times-table-worksheet-for-grade-3-part-130-8553.jpg,Math Practice Printables,04/11/2026 08:32:00 PM
Printable Tracing Worksheet For Kids - Part 131 | Free Printable,Teachers and parents love this Tracing worksheet for Kindergarten. Download and print instantly.,https://mathworksheetkidscoloringdaily.github.io/html/printable-tracing-worksheet-for-kids-part-131-7670.html,https://mathworksheetkidscoloringdaily.github.io/images/printable-tracing-worksheet-for-kids-part-131-7670.jpg,Kids Math Worksheets,04/12/2026 08:33:00 AM
Math Word Problem Worksheet,Teachers and parents love this Word Problem worksheet for Grade 3. Download and print instantly.,https://mathworksheetkidscoloringdaily.github.io/html/math-word-problem-worksheet-4498.html,https://mathworksheetkidscoloringdaily.github.io/images/math-word-problem-worksheet-4498.jpg,Elementary Math Activities,04/12/2026 11:01:00 AM
Printable Free 15 Addition Math Worksheet For Grade 1 - Part 133 | Printable Practice,Help kids master Addition with this printable worksheet for Grade 1. Great for daily math practice.,https://mathworksheetkidscoloringdaily.github.io/html/printable-free-15-addition-math-worksheet-for-grade-1-part-133-4026.html,https://mathworksheetkidscoloringdaily.github.io/images/printable-free-15-addition-math-worksheet-for-grade-1-part-133-4026.jpg,Kids Math Worksheets,04/12/2026 01:36:00 PM
"Count and Color Flower, Ball, Apple Worksheet for Kids",Free printable Count and Color worksheet for Kindergarten. Perfect for homeschool practice and classroom activities.,https://mathworksheetkidscoloringdaily.github.io/html/count-and-color-flower-ball-apple-worksheet-for-kids-9401.html,https://mathworksheetkidscoloringdaily.github.io/images/count-and-color-flower-ball-apple-worksheet-for-kids-9401.jpg,Printable Worksheets,04/12/2026 04:38:00 PM
Free Counting Objects Worksheet For Kindergarten - Part 135 | Printable Practice,Help kids master Counting Objects with this printable worksheet for Kindergarten. Great for daily math practice.,https://mathworksheetkidscoloringdaily.github.io/html/free-counting-objects-worksheet-for-kindergarten-part-135-8071.html,https://mathworksheetkidscoloringdaily.github.io/images/free-counting-objects-worksheet-for-kindergarten-part-135-8071.jpg,Kids Math Worksheets,04/12/2026 08:24:00 PM
Printable Free 12 Division Math Worksheet For Grade 2 - Part 136 | Printable Practice,Printable Division worksheet designed for Grade 2 students. Easy and fun math practice.,https://mathworksheetkidscoloringdaily.github.io/html/printable-free-12-division-math-worksheet-for-grade-2-part-136-2548.html,https://mathworksheetkidscoloringdaily.github.io/images/printable-free-12-division-math-worksheet-for-grade-2-part-136-2548.jpg,Printable Worksheets,04/13/2026 08:33:00 AM
8 Math Skill Test for Students,Teachers and parents love this Math worksheet for Math. Download and print instantly.,https://mathworksheetkidscoloringdaily.github.io/html/8-math-skill-test-for-students-5425.html,https://mathworksheetkidscoloringdaily.github.io/images/8-math-skill-test-for-students-5425.jpg,Printable Worksheets,04/13/2026 11:00:00 AM
Missing Number Math Worksheet,Free printable Missing Number worksheet for Grade 1. Perfect for homeschool practice and classroom activities.,https://mathworksheetkidscoloringdaily.github.io/html/missing-number-math-worksheet-5697.html,https://mathworksheetkidscoloringdaily.github.io/images/missing-number-math-worksheet-5697.jpg,Elementary Math Activities,04/13/2026 01:28:00 PM
Mixed Operations Math Worksheet,Free printable Mixed Operations worksheet for Grade 3. Perfect for homeschool practice and classroom activities.,https://mathworksheetkidscoloringdaily.github.io/html/mixed-operations-math-worksheet-2662.html,https://mathworksheetkidscoloringdaily.github.io/images/mixed-operations-math-worksheet-2662.jpg,Homeschool Math,04/13/2026 04:33:00 PM
Grade 2 Multiplication Practice Worksheet (22 Problems) - Part 140 | Printable Practice,Teachers and parents love this Multiplication worksheet for Grade 2. Download and print instantly.,https://mathworksheetkidscoloringdaily.github.io/html/grade-2-multiplication-practice-worksheet-22-problems-part-140-2282.html,https://mathworksheetkidscoloringdaily.github.io/images/grade-2-multiplication-practice-worksheet-22-problems-part-140-2282.jpg,Elementary Math Activities,04/13/2026 08:23:00 PM
Printable Free 17 Subtraction Math Worksheet For Grade 2 - Part 141 | Printable Practice,Free printable Subtraction worksheet for Grade 2. Perfect for homeschool practice and classroom activities.,https://mathworksheetkidscoloringdaily.github.io/html/printable-free-17-subtraction-math-worksheet-for-grade-2-part-141-5502.html,https://mathworksheetkidscoloringdaily.github.io/images/printable-free-17-subtraction-math-worksheet-for-grade-2-part-141-5502.jpg,Homeschool Math,04/14/2026 08:32:00 AM
2 Times Table Worksheet For Grade 2 - Part 142 | Printable Practice,Teachers and parents love this Times Table worksheet for Grade 2. Download and print instantly.,https://mathworksheetkidscoloringdaily.github.io/html/2-times-table-worksheet-for-grade-2-part-142-9335.html,https://mathworksheetkidscoloringdaily.github.io/images/2-times-table-worksheet-for-grade-2-part-142-9335.jpg,Elementary Math Activities,04/14/2026 11:00:00 AM
Printable Tracing Worksheet For Kids - Part 143 | Free Printable,Teachers and parents love this Tracing worksheet for Kindergarten. Download and print instantly.,https://mathworksheetkidscoloringdaily.github.io/html/printable-tracing-worksheet-for-kids-part-143-4523.html,https://mathworksheetkidscoloringdaily.github.io/images/printable-tracing-worksheet-for-kids-part-143-4523.jpg,Kids Math Worksheets,04/14/2026 01:33:00 PM
Math Word Problem Worksheet,Printable Word Problem worksheet designed for Grade 3 students. Easy and fun math practice.,https://mathworksheetkidscoloringdaily.github.io/html/math-word-problem-worksheet-7641.html,https://mathworksheetkidscoloringdaily.github.io/images/math-word-problem-worksheet-7641.jpg,Kids Math Worksheets,04/14/2026 04:34:00 PM
Printable Free 23 Addition Math Worksheet For Grade 5 - Part 145 | Printable Practice,Help kids master Addition with this printable worksheet for Grade 5. Great for daily math practice.,https://mathworksheetkidscoloringdaily.github.io/html/printable-free-23-addition-math-worksheet-for-grade-5-part-145-5554.html,https://mathworksheetkidscoloringdaily.github.io/images/printable-free-23-addition-math-worksheet-for-grade-5-part-145-5554.jpg,Math Practice Printables,04/14/2026 08:33:00 PM
Free Preschool Count and Color Worksheet,Free printable Count and Color worksheet for Preschool. Perfect for homeschool practice and classroom activities.,https://mathworksheetkidscoloringdaily.github.io/html/free-preschool-count-and-color-worksheet-2358.html,https://mathworksheetkidscoloringdaily.github.io/images/free-preschool-count-and-color-worksheet-2358.jpg,Elementary Math Activities,04/15/2026 08:22:00 AM
Learn Counting With Pictures Worksheet (Kindergarten) - Part 147 | Printable Practice,Free printable Counting Objects worksheet for Kindergarten. Perfect for homeschool practice and classroom activities.,https://mathworksheetkidscoloringdaily.github.io/html/learn-counting-with-pictures-worksheet-kindergarten-part-147-7721.html,https://mathworksheetkidscoloringdaily.github.io/images/learn-counting-with-pictures-worksheet-kindergarten-part-147-7721.jpg,Printable Worksheets,04/15/2026 11:02:00 AM
Printable Free 26 Division Math Worksheet For Grade 1 - Part 148 | Printable Practice,Free printable Division worksheet for Grade 1. Perfect for homeschool practice and classroom activities.,https://mathworksheetkidscoloringdaily.github.io/html/printable-free-26-division-math-worksheet-for-grade-1-part-148-3627.html,https://mathworksheetkidscoloringdaily.github.io/images/printable-free-26-division-math-worksheet-for-grade-1-part-148-3627.jpg,Math Practice Printables,04/15/2026 01:25:00 PM
4 Mathematics Quiz Practice Worksheet,Help kids master Math with this printable worksheet for Math. Great for daily math practice.,https://mathworksheetkidscoloringdaily.github.io/html/4-mathematics-quiz-practice-worksheet-9657.html,https://mathworksheetkidscoloringdaily.github.io/images/4-mathematics-quiz-practice-worksheet-9657.jpg,Homeschool Math,04/15/2026 04:30:00 PM
Missing Number Math Worksheet,Free printable Missing Number worksheet for Grade 1. Perfect for homeschool practice and classroom activities.,https://mathworksheetkidscoloringdaily.github.io/html/missing-number-math-worksheet-7218.html,https://mathworksheetkidscoloringdaily.github.io/images/missing-number-math-worksheet-7218.jpg,Homeschool Math,04/15/2026 08:37:00 PM
Mixed Operations Math Worksheet,Teachers and parents love this Mixed Operations worksheet for Grade 3. Download and print instantly.,https://mathworksheetkidscoloringdaily.github.io/html/mixed-operations-math-worksheet-2548.html,https://mathworksheetkidscoloringdaily.github.io/images/mixed-operations-math-worksheet-2548.jpg,Printable Worksheets,04/16/2026 08:35:00 AM
Free 21 Multiplication Math Worksheet For Grade 2 - Part 152 | Printable Practice,Teachers and parents love this Multiplication worksheet for Grade 2. Download and print instantly.,https://mathworksheetkidscoloringdaily.github.io/html/free-21-multiplication-math-worksheet-for-grade-2-part-152-1733.html,https://mathworksheetkidscoloringdaily.github.io/images/free-21-multiplication-math-worksheet-for-grade-2-part-152-1733.jpg,Homeschool Math,04/16/2026 11:00:00 AM
Free 23 Subtraction Math Worksheet For Grade 5 - Part 153 | Printable Practice,Free printable Subtraction worksheet for Grade 5. Perfect for homeschool practice and classroom activities.,https://mathworksheetkidscoloringdaily.github.io/html/free-23-subtraction-math-worksheet-for-grade-5-part-153-1611.html,https://mathworksheetkidscoloringdaily.github.io/images/free-23-subtraction-math-worksheet-for-grade-5-part-153-1611.jpg,Math Practice Printables,04/16/2026 01:27:00 PM
4 Times Table Worksheet For Grade 2 - Part 154 | Printable Practice,Printable Times Table worksheet designed for Grade 2 students. Easy and fun math practice.,https://mathworksheetkidscoloringdaily.github.io/html/4-times-table-worksheet-for-grade-2-part-154-4834.html,https://mathworksheetkidscoloringdaily.github.io/images/4-times-table-worksheet-for-grade-2-part-154-4834.jpg,Math Practice Printables,04/16/2026 04:27:00 PM
Printable Tracing Worksheet For Kids - Part 155 | Free Printable,Printable Tracing worksheet designed for Kindergarten students. Easy and fun math practice.,https://mathworksheetkidscoloringdaily.github.io/html/printable-tracing-worksheet-for-kids-part-155-2835.html,https://mathworksheetkidscoloringdaily.github.io/images/printable-tracing-worksheet-for-kids-part-155-2835.jpg,Kids Math Worksheets,04/16/2026 08:30:00 PM
Math Word Problem Worksheet,Fun and engaging Word Problem worksheet for Grade 3. Perfect printable math practice.,https://mathworksheetkidscoloringdaily.github.io/html/math-word-problem-worksheet-4797.html,https://mathworksheetkidscoloringdaily.github.io/images/math-word-problem-worksheet-4797.jpg,Elementary Math Activities,04/17/2026 08:33:00 AM
Free 30 Addition Math Worksheet For Grade 3 - Part 157 | Printable Practice,Fun and engaging Addition worksheet for Grade 3. Perfect printable math practice.,https://mathworksheetkidscoloringdaily.github.io/html/free-30-addition-math-worksheet-for-grade-3-part-157-8275.html,https://mathworksheetkidscoloringdaily.github.io/images/free-30-addition-math-worksheet-for-grade-3-part-157-8275.jpg,Math Practice Printables,04/17/2026 11:00:00 AM
Printable Count and Color Worksheet for Preschool Kids,Help kids master Count and Color with this printable worksheet for Preschool. Great for daily math practice.,https://mathworksheetkidscoloringdaily.github.io/html/printable-count-and-color-worksheet-for-preschool-kids-7681.html,https://mathworksheetkidscoloringdaily.github.io/images/printable-count-and-color-worksheet-for-preschool-kids-7681.jpg,Printable Worksheets,04/17/2026 01:38:00 PM
Learn Counting With Pictures Worksheet (Kindergarten) - Part 159 | Printable Practice,Printable Counting Objects worksheet designed for Kindergarten students. Easy and fun math practice.,https://mathworksheetkidscoloringdaily.github.io/html/learn-counting-with-pictures-worksheet-kindergarten-part-159-2373.html,https://mathworksheetkidscoloringdaily.github.io/images/learn-counting-with-pictures-worksheet-kindergarten-part-159-2373.jpg,Printable Worksheets,04/17/2026 04:22:00 PM
Grade 2 Division Practice Worksheet (15 Problems) - Part 160 | Printable Practice,Free printable Division worksheet for Grade 2. Perfect for homeschool practice and classroom activities.,https://mathworksheetkidscoloringdaily.github.io/html/grade-2-division-practice-worksheet-15-problems-part-160-8596.html,https://mathworksheetkidscoloringdaily.github.io/images/grade-2-division-practice-worksheet-15-problems-part-160-8596.jpg,Elementary Math Activities,04/17/2026 08:35:00 PM
Interactive Math Skill Test for Students (4 Questions),Printable Math worksheet designed for Math students. Easy and fun math practice.,https://mathworksheetkidscoloringdaily.github.io/html/interactive-math-skill-test-for-students-4-questions-6258.html,https://mathworksheetkidscoloringdaily.github.io/images/interactive-math-skill-test-for-students-4-questions-6258.jpg,Printable Worksheets,04/18/2026 08:30:00 AM
Missing Number Math Worksheet,Free printable Missing Number worksheet for Grade 1. Perfect for homeschool practice and classroom activities.,https://mathworksheetkidscoloringdaily.github.io/html/missing-number-math-worksheet-5495.html,https://mathworksheetkidscoloringdaily.github.io/images/missing-number-math-worksheet-5495.jpg,Elementary Math Activities,04/18/2026 11:06:00 AM
Mixed Operations Math Worksheet,Printable Mixed Operations worksheet designed for Grade 3 students. Easy and fun math practice.,https://mathworksheetkidscoloringdaily.github.io/html/mixed-operations-math-worksheet-1711.html,https://mathworksheetkidscoloringdaily.github.io/images/mixed-operations-math-worksheet-1711.jpg,Printable Worksheets,04/18/2026 01:28:00 PM
Free 24 Multiplication Math Worksheet For Grade 2 With Answers - Part 164 | Printable Practice,Free printable Multiplication worksheet for Grade 2. Perfect for homeschool practice and classroom activities.,https://mathworksheetkidscoloringdaily.github.io/html/free-24-multiplication-math-worksheet-for-grade-2-with-answers-part-164-8929.html,https://mathworksheetkidscoloringdaily.github.io/images/free-24-multiplication-math-worksheet-for-grade-2-with-answers-part-164-8929.jpg,Printable Worksheets,04/18/2026 04:30:00 PM
Printable Free 25 Subtraction Math Worksheet For Grade 2 - Part 165 | Printable Practice,Free printable Subtraction worksheet for Grade 2. Perfect for homeschool practice and classroom activities.,https://mathworksheetkidscoloringdaily.github.io/html/printable-free-25-subtraction-math-worksheet-for-grade-2-part-165-5349.html,https://mathworksheetkidscoloringdaily.github.io/images/printable-free-25-subtraction-math-worksheet-for-grade-2-part-165-5349.jpg,Math Practice Printables,04/18/2026 08:27:00 PM
Printable 7 Times Table Worksheet For Grade 3 - Part 166 | Printable Practice,Printable Times Table worksheet designed for Grade 3 students. Easy and fun math practice.,https://mathworksheetkidscoloringdaily.github.io/html/printable-7-times-table-worksheet-for-grade-3-part-166-1177.html,https://mathworksheetkidscoloringdaily.github.io/images/printable-7-times-table-worksheet-for-grade-3-part-166-1177.jpg,Kids Math Worksheets,04/19/2026 08:29:00 AM
Printable Tracing Worksheet For Kids - Part 167 | Free Printable,Help kids master Tracing with this printable worksheet for Kindergarten. Great for daily math practice.,https://mathworksheetkidscoloringdaily.github.io/html/printable-tracing-worksheet-for-kids-part-167-9700.html,https://mathworksheetkidscoloringdaily.github.io/images/printable-tracing-worksheet-for-kids-part-167-9700.jpg,Homeschool Math,04/19/2026 11:07:00 AM
Math Word Problem Worksheet,Fun and engaging Word Problem worksheet for Grade 3. Perfect printable math practice.,https://mathworksheetkidscoloringdaily.github.io/html/math-word-problem-worksheet-4567.html,https://mathworksheetkidscoloringdaily.github.io/images/math-word-problem-worksheet-4567.jpg,Printable Worksheets,04/19/2026 01:32:00 PM
Free 30 Addition Math Worksheet For Grade 5 With Answers - Part 169 | Printable Practice,Help kids master Addition with this printable worksheet for Grade 5. Great for daily math practice.,https://mathworksheetkidscoloringdaily.github.io/html/free-30-addition-math-worksheet-for-grade-5-with-answers-part-169-4276.html,https://mathworksheetkidscoloringdaily.github.io/images/free-30-addition-math-worksheet-for-grade-5-with-answers-part-169-4276.jpg,Kids Math Worksheets,04/19/2026 04:36:00 PM
Printable Count and Color Worksheet for Kindergarten Kids,Free printable Count and Color worksheet for Kindergarten. Perfect for homeschool practice and classroom activities.,https://mathworksheetkidscoloringdaily.github.io/html/printable-count-and-color-worksheet-for-kindergarten-kids-9465.html,https://mathworksheetkidscoloringdaily.github.io/images/printable-count-and-color-worksheet-for-kindergarten-kids-9465.jpg,Math Practice Printables,04/19/2026 08:26:00 PM
Pre-K Count The Objects Worksheet - Part 171 | Printable Practice,Free printable Counting Objects worksheet for Pre-K. Perfect for homeschool practice and classroom activities.,https://mathworksheetkidscoloringdaily.github.io/html/pre-k-count-the-objects-worksheet-part-171-7962.html,https://mathworksheetkidscoloringdaily.github.io/images/pre-k-count-the-objects-worksheet-part-171-7962.jpg,Math Practice Printables,04/20/2026 08:30:00 AM
Free 22 Division Math Worksheet For Grade 2 With Answers - Part 172 | Printable Practice,Fun and engaging Division worksheet for Grade 2. Perfect printable math practice.,https://mathworksheetkidscoloringdaily.github.io/html/free-22-division-math-worksheet-for-grade-2-with-answers-part-172-2269.html,https://mathworksheetkidscoloringdaily.github.io/images/free-22-division-math-worksheet-for-grade-2-with-answers-part-172-2269.jpg,Printable Worksheets,04/20/2026 11:00:00 AM
7 Mathematics Practice for Students,Fun and engaging Math worksheet for Math. Perfect printable math practice.,https://mathworksheetkidscoloringdaily.github.io/html/7-mathematics-practice-for-students-9395.html,https://mathworksheetkidscoloringdaily.github.io/images/7-mathematics-practice-for-students-9395.jpg,Homeschool Math,04/20/2026 01:28:00 PM
Missing Number Math Worksheet,Free printable Missing Number worksheet for Grade 1. Perfect for homeschool practice and classroom activities.,https://mathworksheetkidscoloringdaily.github.io/html/missing-number-math-worksheet-5242.html,https://mathworksheetkidscoloringdaily.github.io/images/missing-number-math-worksheet-5242.jpg,Printable Worksheets,04/20/2026 04:33:00 PM
Mixed Operations Math Worksheet,Free printable Mixed Operations worksheet for Grade 3. Perfect for homeschool practice and classroom activities.,https://mathworksheetkidscoloringdaily.github.io/html/mixed-operations-math-worksheet-8251.html,https://mathworksheetkidscoloringdaily.github.io/images/mixed-operations-math-worksheet-8251.jpg,Kids Math Worksheets,04/20/2026 08:26:00 PM
Free 12 Multiplication Math Worksheet For Grade 2 With Answers - Part 176 | Printable Practice,Teachers and parents love this Multiplication worksheet for Grade 2. Download and print instantly.,https://mathworksheetkidscoloringdaily.github.io/html/free-12-multiplication-math-worksheet-for-grade-2-with-answers-part-176-5421.html,https://mathworksheetkidscoloringdaily.github.io/images/free-12-multiplication-math-worksheet-for-grade-2-with-answers-part-176-5421.jpg,Homeschool Math,04/21/2026 08:29:00 AM
Free 27 Subtraction Math Worksheet For Grade 3 With Answers - Part 177 | Printable Practice,Teachers and parents love this Subtraction worksheet for Grade 3. Download and print instantly.,https://mathworksheetkidscoloringdaily.github.io/html/free-27-subtraction-math-worksheet-for-grade-3-with-answers-part-177-5037.html,https://mathworksheetkidscoloringdaily.github.io/images/free-27-subtraction-math-worksheet-for-grade-3-with-answers-part-177-5037.jpg,Math Practice Printables,04/21/2026 11:02:00 AM
Printable 2 Times Table Worksheet For Grade 2 - Part 178 | Printable Practice,Printable Times Table worksheet designed for Grade 2 students. Easy and fun math practice.,https://mathworksheetkidscoloringdaily.github.io/html/printable-2-times-table-worksheet-for-grade-2-part-178-4429.html,https://mathworksheetkidscoloringdaily.github.io/images/printable-2-times-table-worksheet-for-grade-2-part-178-4429.jpg,Homeschool Math,04/21/2026 01:26:00 PM
Printable Tracing Worksheet For Kids - Part 179 | Free Printable,Free printable Tracing worksheet for Preschool. Perfect for homeschool practice and classroom activities.,https://mathworksheetkidscoloringdaily.github.io/html/printable-tracing-worksheet-for-kids-part-179-2383.html,https://mathworksheetkidscoloringdaily.github.io/images/printable-tracing-worksheet-for-kids-part-179-2383.jpg,Elementary Math Activities,04/21/2026 04:27:00 PM
Math Word Problem Worksheet,Printable Word Problem worksheet designed for Grade 3 students. Easy and fun math practice.,https://mathworksheetkidscoloringdaily.github.io/html/math-word-problem-worksheet-8211.html,https://mathworksheetkidscoloringdaily.github.io/images/math-word-problem-worksheet-8211.jpg,Homeschool Math,04/21/2026 08:25:00 PM
Free 13 Addition Math Worksheet For Grade 1 - Part 181 | Printable Practice,Teachers and parents love this Addition worksheet for Grade 1. Download and print instantly.,https://mathworksheetkidscoloringdaily.github.io/html/free-13-addition-math-worksheet-for-grade-1-part-181-8470.html,https://mathworksheetkidscoloringdaily.github.io/images/free-13-addition-math-worksheet-for-grade-1-part-181-8470.jpg,Kids Math Worksheets,04/22/2026 08:22:00 AM
Free Grade 1 Count and Color Worksheet,Help kids master Count and Color with this printable worksheet for Grade 1. Great for daily math practice.,https://mathworksheetkidscoloringdaily.github.io/html/free-grade-1-count-and-color-worksheet-1844.html,https://mathworksheetkidscoloringdaily.github.io/images/free-grade-1-count-and-color-worksheet-1844.jpg,Math Practice Printables,04/22/2026 11:00:00 AM
Free Counting Objects Worksheet For Kindergarten - Part 183 | Printable Practice,Fun and engaging Counting Objects worksheet for Kindergarten. Perfect printable math practice.,https://mathworksheetkidscoloringdaily.github.io/html/free-counting-objects-worksheet-for-kindergarten-part-183-2692.html,https://mathworksheetkidscoloringdaily.github.io/images/free-counting-objects-worksheet-for-kindergarten-part-183-2692.jpg,Homeschool Math,04/22/2026 01:31:00 PM
Free 30 Division Math Worksheet For Grade 2 - Part 184 | Printable Practice,Help kids master Division with this printable worksheet for Grade 2. Great for daily math practice.,https://mathworksheetkidscoloringdaily.github.io/html/free-30-division-math-worksheet-for-grade-2-part-184-2215.html,https://mathworksheetkidscoloringdaily.github.io/images/free-30-division-math-worksheet-for-grade-2-part-184-2215.jpg,Kids Math Worksheets,04/22/2026 04:31:00 PM
4 Math Questions Practice Worksheet,Printable Math worksheet designed for Math students. Easy and fun math practice.,https://mathworksheetkidscoloringdaily.github.io/html/4-math-questions-practice-worksheet-8661.html,https://mathworksheetkidscoloringdaily.github.io/images/4-math-questions-practice-worksheet-8661.jpg,Elementary Math Activities,04/22/2026 08:34:00 PM
Missing Number Math Worksheet,Teachers and parents love this Missing Number worksheet for Grade 1. Download and print instantly.,https://mathworksheetkidscoloringdaily.github.io/html/missing-number-math-worksheet-9562.html,https://mathworksheetkidscoloringdaily.github.io/images/missing-number-math-worksheet-9562.jpg,Kids Math Worksheets,04/23/2026 08:29:00 AM
Mixed Operations Math Worksheet,Fun and engaging Mixed Operations worksheet for Grade 3. Perfect printable math practice.,https://mathworksheetkidscoloringdaily.github.io/html/mixed-operations-math-worksheet-5241.html,https://mathworksheetkidscoloringdaily.github.io/images/mixed-operations-math-worksheet-5241.jpg,Elementary Math Activities,04/23/2026 11:02:00 AM
Free 30 Multiplication Math Worksheet For Grade 2 - Part 188 | Printable Practice,Help kids master Multiplication with this printable worksheet for Grade 2. Great for daily math practice.,https://mathworksheetkidscoloringdaily.github.io/html/free-30-multiplication-math-worksheet-for-grade-2-part-188-9228.html,https://mathworksheetkidscoloringdaily.github.io/images/free-30-multiplication-math-worksheet-for-grade-2-part-188-9228.jpg,Homeschool Math,04/23/2026 01:35:00 PM
Free 13 Subtraction Math Worksheet For Grade 5 With Answers - Part 189 | Printable Practice,Teachers and parents love this Subtraction worksheet for Grade 5. Download and print instantly.,https://mathworksheetkidscoloringdaily.github.io/html/free-13-subtraction-math-worksheet-for-grade-5-with-answers-part-189-4166.html,https://mathworksheetkidscoloringdaily.github.io/images/free-13-subtraction-math-worksheet-for-grade-5-with-answers-part-189-4166.jpg,Homeschool Math,04/23/2026 04:37:00 PM
Printable 3 Times Table Worksheet For Grade 2 - Part 190 | Printable Practice,Help kids master Times Table with this printable worksheet for Grade 2. Great for daily math practice.,https://mathworksheetkidscoloringdaily.github.io/html/printable-3-times-table-worksheet-for-grade-2-part-190-3331.html,https://mathworksheetkidscoloringdaily.github.io/images/printable-3-times-table-worksheet-for-grade-2-part-190-3331.jpg,Homeschool Math,04/23/2026 08:32:00 PM
Printable Tracing Worksheet For Kids - Part 191 | Free Printable,Printable Tracing worksheet designed for Kindergarten students. Easy and fun math practice.,https://mathworksheetkidscoloringdaily.github.io/html/printable-tracing-worksheet-for-kids-part-191-4519.html,https://mathworksheetkidscoloringdaily.github.io/images/printable-tracing-worksheet-for-kids-part-191-4519.jpg,Homeschool Math,04/24/2026 08:28:00 AM
Math Word Problem Worksheet,Free printable Word Problem worksheet for Grade 3. Perfect for homeschool practice and classroom activities.,https://mathworksheetkidscoloringdaily.github.io/html/math-word-problem-worksheet-8647.html,https://mathworksheetkidscoloringdaily.github.io/images/math-word-problem-worksheet-8647.jpg,Math Practice Printables,04/24/2026 11:06:00 AM
Free 24 Addition Math Worksheet For Grade 3 With Answers - Part 193 | Printable Practice,Fun and engaging Addition worksheet for Grade 3. Perfect printable math practice.,https://mathworksheetkidscoloringdaily.github.io/html/free-24-addition-math-worksheet-for-grade-3-with-answers-part-193-5611.html,https://mathworksheetkidscoloringdaily.github.io/images/free-24-addition-math-worksheet-for-grade-3-with-answers-part-193-5611.jpg,Elementary Math Activities,04/24/2026 01:38:00 PM
"Count and Color Circle, Flower, Triangle Worksheet for Kids",Printable Count and Color worksheet designed for Preschool students. Easy and fun math practice.,https://mathworksheetkidscoloringdaily.github.io/html/count-and-color-circle-flower-triangle-worksheet-for-kids-4679.html,https://mathworksheetkidscoloringdaily.github.io/images/count-and-color-circle-flower-triangle-worksheet-for-kids-4679.jpg,Homeschool Math,04/24/2026 04:36:00 PM
Free Counting Objects Worksheet For Pre-K Printable - Part 195 | Printable Practice,Fun and engaging Counting Objects worksheet for Pre-K. Perfect printable math practice.,https://mathworksheetkidscoloringdaily.github.io/html/free-counting-objects-worksheet-for-pre-k-printable-part-195-6911.html,https://mathworksheetkidscoloringdaily.github.io/images/free-counting-objects-worksheet-for-pre-k-printable-part-195-6911.jpg,Elementary Math Activities,04/24/2026 08:35:00 PM
Free 23 Division Math Worksheet For Grade 2 With Answers - Part 196 | Printable Practice,Teachers and parents love this Division worksheet for Grade 2. Download and print instantly.,https://mathworksheetkidscoloringdaily.github.io/html/free-23-division-math-worksheet-for-grade-2-with-answers-part-196-3274.html,https://mathworksheetkidscoloringdaily.github.io/images/free-23-division-math-worksheet-for-grade-2-with-answers-part-196-3274.jpg,Homeschool Math,04/25/2026 08:33:00 AM
8 Math Knowledge Test Practice Worksheet,Help kids master Math with this printable worksheet for Math. Great for daily math practice.,https://mathworksheetkidscoloringdaily.github.io/html/8-math-knowledge-test-practice-worksheet-7481.html,https://mathworksheetkidscoloringdaily.github.io/images/8-math-knowledge-test-practice-worksheet-7481.jpg,Homeschool Math,04/25/2026 11:00:00 AM
Missing Number Math Worksheet,Help kids master Missing Number with this printable worksheet for Grade 1. Great for daily math practice.,https://mathworksheetkidscoloringdaily.github.io/html/missing-number-math-worksheet-7647.html,https://mathworksheetkidscoloringdaily.github.io/images/missing-number-math-worksheet-7647.jpg,Homeschool Math,04/25/2026 01:28:00 PM
Mixed Operations Math Worksheet,Free printable Mixed Operations worksheet for Grade 3. Perfect for homeschool practice and classroom activities.,https://mathworksheetkidscoloringdaily.github.io/html/mixed-operations-math-worksheet-4129.html,https://mathworksheetkidscoloringdaily.github.io/images/mixed-operations-math-worksheet-4129.jpg,Elementary Math Activities,04/25/2026 04:22:00 PM
Printable Free 30 Multiplication Math Worksheet For Grade 2 - Part 200 | Printable Practice,Printable Multiplication worksheet designed for Grade 2 students. Easy and fun math practice.,https://mathworksheetkidscoloringdaily.github.io/html/printable-free-30-multiplication-math-worksheet-for-grade-2-part-200-6203.html,https://mathworksheetkidscoloringdaily.github.io/images/printable-free-30-multiplication-math-worksheet-for-grade-2-part-200-6203.jpg,Elementary Math Activities,04/25/2026 08:25:00 PM
